ID,Typ,Lokalizacja,Ulica,Miasto,Region,KodPocztowy,Kraj,Lat,Long,Odleglosc,Powierzchnia,Standard,Pokoje,Lazienki,Rok,Konstrukcja,Pietra,NrPietra,Winda,Parking,TypParking,Umeblowane,Ogrzewanie,Energia,Powodz,Stan,Opis,Dostepnosc,OstatniRemont,Utworzono,Zaktualizowano
n1,dom,przedmiescia,Ul. Testowa 1,szczecin,wielkopolskie,20-001,polska,52.8947,17.5246,5.8,40,niski,1,2,2012,zelbet,1,0,tak,nie,brak,nie,miejskie,b,brak,2,Dla seniora,2024-07-08,2023-07-01,2023-08-01,2024-02-01
n2,dom,centrum,Ul. Testowa 2,lodz,dolnoslaskie,12-002,polska,53.4863,19.6144,8.5,165,wysoki,6,2,2001,beton,8,3,nie,tak,podjazd,tak,gazowe,b,brak,2,Dla singla,2024-07-23,2023-06-01,2023-09-01,2024-09-01
n3,mieszkanie,miasto,Ul. Testowa 3,warszawa,mazowieckie,94-003,polska,50.0281,17.8697,14.7,159,sredni,4,2,1983,zelbet,6,0,tak,nie,podjazd,tak,gazowe,a++,niskie,3,Do remontu,2024-07-28,2023-09-01,2023-02-01,2024-02-01
n4,mieszkanie,miasto,Ul. Testowa 4,katowice,podlaskie,41-004,polska,50.6609,20.9496,4.6,32,niski,5,1,1990,zelbet,2,0,tak,nie,podjazd,nie,elektryczne,a,niskie,5,Blisko uczelni,2024-07-23,2023-05-01,2023-07-01,2024-01-01
n5,dom,centrum,Ul. Testowa 5,gdansk,lubelskie,74-005,polska,50.7936,16.2495,7.9,230,wysoki,5,2,2005,cegla,9,2,nie,tak,podjazd,tak,miejskie,a++,brak,2,Dla singla,2024-07-02,2023-05-01,2023-04-01,2024-01-01
n6,dom,centrum,Ul. Testowa 6,wroclaw,zachodniopomorskie,19-006,polska,51.5722,20.5755,11.3,71,wysoki,7,2,2011,zelbet,4,0,nie,tak,podziemny,nie,gazowe,a++,brak,4,Luksusowe,2024-07-19,2023-04-01,2023-09-01,2024-03-01
n7,apartament,miasto,Ul. Testowa 7,katowice,mazowieckie,39-007,polska,50.7346,20.7244,7.3,30,luksusowy,3,3,1989,beton,5,2,tak,nie,podjazd,tak,miejskie,c,brak,3,Idealne dla rodziny,2024-07-08,2023-06-01,2023-02-01,2024-08-01
n8,mieszkanie,centrum,Ul. Testowa 8,gdansk,zachodniopomorskie,14-008,polska,51.8853,21.3948,6.7,239,sredni,6,1,2023,beton,4,3,nie,tak,podziemny,tak,elektryczne,b,brak,2,Blisko uczelni,2024-07-09,2023-04-01,2023-09-01,2024-03-01
n9,dom,przedmiescia,Ul. Testowa 9,lodz,zachodniopomorskie,30-009,polska,50.3831,19.5372,9.2,211,wysoki,3,3,2012,cegla,8,4,nie,nie,garaz,nie,miejskie,a+++,brak,2,Ekonomiczne,2024-07-25,2023-05-01,2023-03-01,2024-08-01
n10,mieszkanie,miasto,Ul. Testowa 10,lodz,lodzkie,35-0010,polska,53.406,19.9078,13.5,166,luksusowy,1,1,2009,cegla,3,0,tak,tak,podjazd,nie,elektryczne,a+++,niskie,4,Ekonomiczne,2024-07-24,2023-01-01,2023-01-01,2024-02-01
n11,mieszkanie,miasto,Ul. Testowa 11,poznan,mazowieckie,54-0011,polska,53.9978,21.2969,9.6,235,wysoki,4,4,2024,beton,2,0,nie,tak,podziemny,nie,gazowe,b,niskie,4,Ekonomiczne,2024-07-06,2023-02-01,2023-07-01,2024-06-01
n12,dom,miasto,Ul. Testowa 12,gdansk,lodzkie,61-0012,polska,52.15,17.0929,3.3,184,sredni,6,1,2006,beton,4,3,nie,tak,garaz,nie,miejskie,c,niskie,2,Przyjazne zwierzetom,2024-07-06,2023-02-01,2023-09-01,2024-06-01
n13,dom,przedmiescia,Ul. Testowa 13,wroclaw,podlaskie,74-0013,polska,53.7567,20.5566,4.7,217,sredni,2,3,1982,beton,2,1,nie,nie,garaz,tak,elektryczne,b,brak,4,Luksusowe,2024-07-05,2023-03-01,2023-01-01,2024-09-01
n14,mieszkanie,przedmiescia,Ul. Testowa 14,warszawa,lodzkie,97-0014,polska,51.1675,16.9547,1.5,141,sredni,7,4,2011,cegla,7,1,tak,nie,podjazd,nie,gazowe,a+++,niskie,1,Luksusowe,2024-07-16,2023-08-01,2023-05-01,2024-01-01
n15,mieszkanie,centrum,Ul. Testowa 15,warszawa,lubelskie,71-0015,polska,53.7503,15.2046,9.9,34,niski,7,1,2003,cegla,7,2,tak,tak,garaz,nie,elektryczne,a,brak,3,Nowoczesne,2024-07-26,2023-07-01,2023-08-01,2024-06-01
n16,mieszkanie,centrum,Ul. Testowa 16,szczecin,slaskie,27-0016,polska,51.9298,17.9273,5.8,25,niski,5,1,2008,cegla,7,6,nie,tak,podziemny,tak,elektryczne,a+++,niskie,4,Wysoki standard,2024-07-20,2023-02-01,2023-02-01,2024-07-01
n17,apartament,przedmiescia,Ul. Testowa 17,wroclaw,lubelskie,35-0017,polska,50.781,20.2872,4.4,28,niski,2,1,1993,beton,1,0,nie,nie,garaz,nie,elektryczne,c,niskie,5,Przyjazne zwierzetom,2024-07-06,2023-02-01,2023-03-01,2024-07-01
n18,mieszkanie,miasto,Ul. Testowa 18,poznan,slaskie,81-0018,polska,50.3517,21.8727,11.3,67,niski,3,3,2024,cegla,2,1,nie,nie,brak,nie,miejskie,b,brak,5,Blisko uczelni,2024-07-21,2023-04-01,2023-06-01,2024-03-01
n19,apartament,przedmiescia,Ul. Testowa 19,krakow,pomorskie,63-0019,polska,50.1761,21.2675,10.3,150,sredni,3,4,2016,cegla,7,5,nie,nie,garaz,tak,miejskie,a,brak,4,Idealne dla rodziny,2024-07-11,2023-02-01,2023-07-01,2024-06-01
n20,apartament,przedmiescia,Ul. Testowa 20,lublin,lubelskie,18-0020,polska,53.5558,15.9888,14.5,47,sredni,1,2,2007,zelbet,2,0,tak,nie,garaz,tak,miejskie,a+,brak,5,Nowoczesne,2024-07-22,2023-04-01,2023-08-01,2024-07-01
n21,mieszkanie,przedmiescia,Ul. Testowa 21,krakow,slaskie,25-0021,polska,52.6652,18.422,2.5,61,luksusowy,3,1,2007,zelbet,5,2,tak,tak,garaz,nie,elektryczne,a++,brak,1,Wysoki standard,2024-07-26,2023-08-01,2023-04-01,2024-06-01
n22,dom,centrum,Ul. Testowa 22,szczecin,pomorskie,39-0022,polska,51.8369,21.3897,8.6,51,wysoki,3,2,1981,beton,10,8,nie,tak,garaz,tak,gazowe,a++,niskie,2,Przyjazne zwierzetom,2024-07-15,2023-08-01,2023-09-01,2024-02-01
n23,apartament,przedmiescia,Ul. Testowa 23,warszawa,slaskie,73-0023,polska,51.3608,16.6171,13.9,64,luksusowy,5,3,2020,zelbet,8,1,tak,nie,podjazd,tak,elektryczne,a++,brak,5,Idealne dla rodziny,2024-07-02,2023-05-01,2023-05-01,2024-05-01
n24,dom,centrum,Ul. Testowa 24,katowice,mazowieckie,75-0024,polska,52.2369,18.776,9.8,30,niski,5,2,2012,zelbet,5,0,nie,nie,brak,nie,gazowe,b,niskie,5,Dla seniora,2024-07-03,2023-06-01,2023-09-01,2024-04-01
n25,mieszkanie,centrum,Ul. Testowa 25,bialystok,dolnoslaskie,15-0025,polska,52.21,19.9306,7.9,228,sredni,6,4,1996,cegla,2,1,tak,tak,podjazd,nie,miejskie,a,brak,4,Wysoki standard,2024-07-14,2023-06-01,2023-06-01,2024-05-01
n26,mieszkanie,miasto,Ul. Testowa 26,szczecin,podlaskie,48-0026,polska,52.9032,20.7166,2.1,92,wysoki,7,3,2023,zelbet,3,2,tak,tak,podjazd,nie,elektryczne,a++,brak,1,Blisko uczelni,2024-07-04,2023-01-01,2023-02-01,2024-01-01
n27,dom,centrum,Ul. Testowa 27,warszawa,malopolskie,60-0027,polska,51.1948,19.7862,7.7,31,niski,2,4,1995,beton,10,1,tak,tak,brak,tak,miejskie,a++,niskie,1,Przyjazne zwierzetom,2024-07-16,2023-09-01,2023-09-01,2024-04-01
n28,dom,przedmiescia,Ul. Testowa 28,wroclaw,slaskie,10-0028,polska,53.5338,21.4207,10.3,28,niski,2,4,1986,beton,10,5,nie,nie,garaz,nie,miejskie,c,niskie,1,Idealne dla rodziny,2024-07-19,2023-09-01,2023-06-01,2024-02-01
n29,mieszkanie,centrum,Ul. Testowa 29,lodz,lodzkie,47-0029,polska,53.1049,20.9996,12.4,162,luksusowy,6,2,1981,beton,7,0,nie,tak,brak,tak,elektryczne,a+++,niskie,4,Nowoczesne,2024-07-04,2023-05-01,2023-01-01,2024-07-01
n30,mieszkanie,centrum,Ul. Testowa 30,szczecin,wielkopolskie,64-0030,polska,52.0543,20.0767,1.9,93,luksusowy,7,4,2001,beton,1,0,tak,tak,brak,tak,gazowe,c,brak,1,Ekonomiczne,2024-07-21,2023-03-01,2023-04-01,2024-09-01
n31,dom,miasto,Ul. Testowa 31,katowice,mazowieckie,59-0031,polska,50.4533,19.4203,3.4,226,luksusowy,3,4,1999,zelbet,7,2,tak,nie,garaz,tak,gazowe,a+,brak,1,Dla singla,2024-07-16,2023-03-01,2023-06-01,2024-06-01
n32,apartament,przedmiescia,Ul. Testowa 32,lodz,wielkopolskie,82-0032,polska,52.3606,17.3449,10.5,160,sredni,4,4,1990,zelbet,8,6,tak,tak,brak,nie,elektryczne,c,niskie,5,Blisko uczelni,2024-07-05,2023-03-01,2023-07-01,2024-04-01
n33,mieszkanie,przedmiescia,Ul. Testowa 33,gdansk,wielkopolskie,94-0033,polska,50.8374,20.4305,5.6,212,sredni,2,4,2023,beton,1,0,tak,nie,brak,tak,miejskie,a++,brak,3,Idealne dla rodziny,2024-07-13,2023-08-01,2023-04-01,2024-03-01
n34,mieszkanie,miasto,Ul. Testowa 34,poznan,pomorskie,23-0034,polska,51.2754,20.852,8.4,199,wysoki,4,2,2011,beton,9,8,nie,nie,podjazd,tak,elektryczne,a+,brak,3,Przyjazne zwierzetom,2024-07-20,2023-02-01,2023-02-01,2024-02-01
n35,apartament,miasto,Ul. Testowa 35,warszawa,slaskie,85-0035,polska,53.5274,18.7997,12.1,25,sredni,1,1,2020,zelbet,5,3,nie,nie,podziemny,nie,miejskie,c,brak,1,Ekonomiczne,2024-07-02,2023-08-01,2023-07-01,2024-09-01
n36,dom,centrum,Ul. Testowa 36,lodz,zachodniopomorskie,97-0036,polska,53.5103,17.8373,14.7,113,wysoki,5,2,2001,cegla,2,0,nie,nie,garaz,nie,gazowe,a++,brak,4,Dla seniora,2024-07-02,2023-07-01,2023-02-01,2024-05-01
n37,mieszkanie,miasto,Ul. Testowa 37,poznan,dolnoslaskie,34-0037,polska,53.3157,15.9507,3.1,40,niski,5,3,2000,cegla,7,1,nie,tak,brak,nie,gazowe,a+,niskie,4,Ekonomiczne,2024-07-06,2023-02-01,2023-02-01,2024-01-01
n38,mieszkanie,miasto,Ul. Testowa 38,bialystok,mazowieckie,93-0038,polska,53.1401,21.8858,0.7,45,wysoki,3,4,2014,zelbet,10,1,tak,tak,podjazd,nie,elektryczne,a+++,niskie,1,Przyjazne zwierzetom,2024-07-17,2023-05-01,2023-08-01,2024-02-01
n39,dom,centrum,Ul. Testowa 39,warszawa,zachodniopomorskie,33-0039,polska,51.4774,19.687,9.5,26,luksusowy,5,4,1989,cegla,3,2,tak,tak,podjazd,nie,elektryczne,a++,niskie,2,Idealne dla rodziny,2024-07-06,2023-03-01,2023-02-01,2024-09-01
n40,apartament,przedmiescia,Ul. Testowa 40,szczecin,slaskie,11-0040,polska,53.2748,16.9082,13.0,128,sredni,4,3,2013,beton,4,0,tak,nie,podjazd,tak,elektryczne,a++,niskie,1,Do remontu,2024-07-25,2023-08-01,2023-02-01,2024-07-01
n41,dom,przedmiescia,Ul. Testowa 41,szczecin,lubelskie,93-0041,polska,50.1654,17.7025,5.9,141,wysoki,4,4,2012,cegla,4,3,tak,nie,brak,nie,miejskie,a,brak,5,Idealne dla rodziny,2024-07-01,2023-08-01,2023-05-01,2024-02-01
n42,mieszkanie,przedmiescia,Ul. Testowa 42,szczecin,slaskie,24-0042,polska,51.3502,18.3186,3.0,30,niski,2,4,1993,beton,7,2,nie,nie,brak,nie,miejskie,a++,niskie,3,Do remontu,2024-07-09,2023-07-01,2023-08-01,2024-01-01
n43,mieszkanie,miasto,Ul. Testowa 43,warszawa,pomorskie,94-0043,polska,53.7197,17.1477,11.2,41,niski,2,2,2007,cegla,7,3,tak,nie,podjazd,tak,elektryczne,a+,niskie,4,Idealne dla rodziny,2024-07-16,2023-01-01,2023-08-01,2024-02-01
n44,apartament,miasto,Ul. Testowa 44,warszawa,wielkopolskie,62-0044,polska,51.4705,18.7287,6.0,160,wysoki,6,2,2022,beton,8,3,nie,nie,brak,tak,miejskie,c,niskie,1,Idealne dla rodziny,2024-07-04,2023-04-01,2023-09-01,2024-06-01
n45,dom,przedmiescia,Ul. Testowa 45,poznan,slaskie,24-0045,polska,52.917,15.8062,2.9,217,sredni,2,3,2013,cegla,1,0,nie,tak,brak,tak,miejskie,a+++,brak,4,Ekonomiczne,2024-07-03,2023-05-01,2023-08-01,2024-02-01
n46,dom,przedmiescia,Ul. Testowa 46,warszawa,lodzkie,44-0046,polska,52.8115,19.2858,2.1,176,sredni,2,2,2008,zelbet,8,5,tak,nie,garaz,tak,miejskie,a,niskie,1,Ekonomiczne,2024-07-23,2023-07-01,2023-02-01,2024-02-01
n47,mieszkanie,przedmiescia,Ul. Testowa 47,szczecin,dolnoslaskie,18-0047,polska,51.5027,16.5641,5.9,42,niski,1,3,2000,beton,8,6,tak,tak,podjazd,nie,elektryczne,a+++,niskie,5,Dla singla,2024-07-18,2023-01-01,2023-05-01,2024-06-01
n48,apartament,centrum,Ul. Testowa 48,poznan,podlaskie,88-0048,polska,51.6842,20.8967,9.9,226,wysoki,5,3,1990,beton,9,2,tak,tak,garaz,nie,gazowe,a,brak,4,Ekonomiczne,2024-07-08,2023-05-01,2023-04-01,2024-08-01
n49,dom,miasto,Ul. Testowa 49,szczecin,lodzkie,94-0049,polska,52.1294,18.4987,14.3,119,wysoki,4,3,2010,beton,7,0,nie,tak,brak,nie,miejskie,a+,niskie,3,Przyjazne zwierzetom,2024-07-20,2023-06-01,2023-01-01,2024-06-01
n50,dom,miasto,Ul. Testowa 50,gdansk,zachodniopomorskie,11-0050,polska,51.1834,21.8149,6.9,107,wysoki,4,4,1985,zelbet,7,1,tak,nie,garaz,tak,elektryczne,b,niskie,1,Dla singla,2024-07-19,2023-07-01,2023-02-01,2024-04-01
n51,apartament,miasto,Ul. Testowa 51,bialystok,slaskie,19-0051,polska,52.3574,20.8032,14.1,90,wysoki,3,2,2015,zelbet,6,2,nie,nie,podziemny,tak,miejskie,b,niskie,3,Dla singla,2024-07-14,2023-08-01,2023-03-01,2024-05-01
n52,dom,miasto,Ul. Testowa 52,lublin,zachodniopomorskie,77-0052,polska,50.6681,19.5999,0.9,223,luksusowy,1,4,1999,zelbet,1,0,nie,tak,garaz,tak,miejskie,c,brak,1,Idealne dla rodziny,2024-07-24,2023-09-01,2023-07-01,2024-02-01
n53,dom,przedmiescia,Ul. Testowa 53,warszawa,malopolskie,91-0053,polska,51.5591,20.4937,9.0,99,luksusowy,2,2,2002,cegla,8,5,nie,tak,brak,nie,gazowe,b,niskie,2,Blisko uczelni,2024-07-19,2023-09-01,2023-08-01,2024-06-01
n54,mieszkanie,miasto,Ul. Testowa 54,lodz,slaskie,13-0054,polska,51.6273,18.4615,14.7,58,niski,3,3,1982,beton,7,1,nie,tak,garaz,nie,gazowe,a+++,niskie,5,Nowoczesne,2024-07-15,2023-01-01,2023-04-01,2024-04-01
n55,dom,przedmiescia,Ul. Testowa 55,bialystok,lodzkie,24-0055,polska,51.1666,15.7127,5.9,237,sredni,5,2,1992,zelbet,9,1,nie,nie,brak,nie,elektryczne,a+,brak,3,Blisko uczelni,2024-07-27,2023-01-01,2023-05-01,2024-05-01
n56,dom,przedmiescia,Ul. Testowa 56,krakow,lubelskie,32-0056,polska,53.7405,18.7472,10.2,35,niski,6,3,1990,beton,5,0,nie,nie,podjazd,nie,gazowe,a++,brak,4,Nowoczesne,2024-07-08,2023-02-01,2023-04-01,2024-09-01
n57,dom,centrum,Ul. Testowa 57,lodz,podlaskie,97-0057,polska,50.177,19.3032,3.2,41,niski,6,4,1998,beton,6,4,nie,tak,brak,tak,miejskie,a++,brak,2,Blisko uczelni,2024-07-18,2023-04-01,2023-02-01,2024-04-01
n58,mieszkanie,miasto,Ul. Testowa 58,lodz,podlaskie,20-0058,polska,50.7998,17.3429,13.0,31,niski,1,1,1992,cegla,6,5,tak,tak,garaz,tak,elektryczne,a+++,niskie,4,Idealne dla rodziny,2024-07-24,2023-08-01,2023-05-01,2024-05-01
n59,mieszkanie,centrum,Ul. Testowa 59,warszawa,mazowieckie,56-0059,polska,51.0728,19.7161,1.6,137,sredni,2,4,2008,zelbet,8,3,tak,nie,brak,tak,gazowe,a++,niskie,5,Luksusowe,2024-07-22,2023-01-01,2023-03-01,2024-09-01
n60,apartament,przedmiescia,Ul. Testowa 60,wroclaw,slaskie,70-0060,polska,53.8495,15.9663,13.2,213,wysoki,5,3,1981,beton,10,0,nie,nie,podziemny,nie,gazowe,b,brak,5,Dla singla,2024-07-12,2023-05-01,2023-09-01,2024-04-01
n61,dom,miasto,Ul. Testowa 61,warszawa,malopolskie,82-0061,polska,52.4825,16.1573,12.7,33,sredni,2,1,2014,cegla,9,3,nie,nie,garaz,tak,elektryczne,a,brak,1,Luksusowe,2024-07-12,2023-04-01,2023-09-01,2024-08-01
n62,mieszkanie,miasto,Ul. Testowa 62,wroclaw,slaskie,37-0062,polska,53.1552,20.1597,6.2,235,sredni,4,2,1989,beton,3,2,nie,tak,podjazd,tak,miejskie,a++,brak,3,Blisko uczelni,2024-07-25,2023-09-01,2023-06-01,2024-04-01
n63,mieszkanie,centrum,Ul. Testowa 63,gdansk,mazowieckie,93-0063,polska,53.6508,19.6581,4.1,207,luksusowy,6,1,2019,beton,10,1,tak,tak,podjazd,nie,elektryczne,a+,niskie,4,Dla seniora,2024-07-02,2023-06-01,2023-06-01,2024-09-01
n64,mieszkanie,centrum,Ul. Testowa 64,krakow,slaskie,90-0064,polska,53.5991,16.0041,2.2,29,niski,4,3,2021,beton,7,1,tak,nie,garaz,tak,gazowe,a,niskie,2,Przyjazne zwierzetom,2024-07-09,2023-03-01,2023-07-01,2024-02-01
n65,dom,przedmiescia,Ul. Testowa 65,poznan,podlaskie,86-0065,polska,53.8599,18.0714,1.1,161,sredni,6,3,2023,cegla,2,1,tak,nie,garaz,nie,elektryczne,c,brak,2,Przyjazne zwierzetom,2024-07-15,2023-09-01,2023-01-01,2024-08-01
n66,mieszkanie,centrum,Ul. Testowa 66,katowice,pomorskie,86-0066,polska,50.4086,18.3244,2.0,161,wysoki,3,2,2019,beton,3,2,tak,nie,brak,nie,elektryczne,a,brak,4,Ekonomiczne,2024-07-17,2023-02-01,2023-09-01,2024-05-01
n67,mieszkanie,miasto,Ul. Testowa 67,bialystok,malopolskie,96-0067,polska,51.7816,15.1656,14.2,234,sredni,7,2,2020,zelbet,10,0,tak,tak,podziemny,tak,miejskie,a++,brak,2,Do remontu,2024-07-26,2023-08-01,2023-07-01,2024-06-01
n68,dom,przedmiescia,Ul. Testowa 68,poznan,lodzkie,92-0068,polska,52.5811,18.0142,1.6,207,sredni,2,2,1997,beton,9,4,nie,tak,podjazd,nie,elektryczne,a,brak,2,Blisko uczelni,2024-07-21,2023-09-01,2023-09-01,2024-04-01
n69,dom,przedmiescia,Ul. Testowa 69,lodz,lodzkie,51-0069,polska,53.299,17.3377,4.7,244,luksusowy,2,2,1987,zelbet,1,0,nie,nie,brak,nie,gazowe,a++,brak,5,Blisko uczelni,2024-07-16,2023-01-01,2023-01-01,2024-08-01
n70,apartament,przedmiescia,Ul. Testowa 70,gdansk,lodzkie,40-0070,polska,53.1177,17.878,11.3,91,sredni,4,3,2022,cegla,10,8,nie,nie,brak,tak,miejskie,a,brak,2,Przyjazne zwierzetom,2024-07-18,2023-01-01,2023-02-01,2024-07-01
n71,mieszkanie,przedmiescia,Ul. Testowa 71,wroclaw,lubelskie,59-0071,polska,50.8942,20.9193,4.9,26,niski,6,1,2015,zelbet,5,4,tak,tak,brak,nie,gazowe,a+,niskie,5,Przyjazne zwierzetom,2024-07-14,2023-03-01,2023-04-01,2024-04-01
n72,mieszkanie,centrum,Ul. Testowa 72,lodz,slaskie,25-0072,polska,50.7985,19.5061,3.1,39,luksusowy,5,1,1992,cegla,9,1,nie,nie,garaz,tak,elektryczne,a+++,niskie,5,Luksusowe,2024-07-20,2023-03-01,2023-07-01,2024-03-01
n73,mieszkanie,przedmiescia,Ul. Testowa 73,warszawa,slaskie,18-0073,polska,52.8744,16.2598,10.1,204,niski,1,3,2014,cegla,7,0,nie,nie,garaz,nie,miejskie,a+++,niskie,5,Do remontu,2024-07-12,2023-01-01,2023-08-01,2024-06-01
n74,dom,centrum,Ul. Testowa 74,lodz,lubelskie,67-0074,polska,53.0657,16.5881,9.4,238,luksusowy,3,4,1990,cegla,5,3,nie,nie,podziemny,nie,elektryczne,a+++,brak,5,Dla seniora,2024-07-12,2023-02-01,2023-06-01,2024-01-01
n75,mieszkanie,miasto,Ul. Testowa 75,lublin,lodzkie,10-0075,polska,53.3884,16.1051,5.4,31,niski,4,3,2000,beton,10,8,nie,tak,podziemny,tak,gazowe,a+,brak,1,Przyjazne zwierzetom,2024-07-04,2023-08-01,2023-02-01,2024-02-01
n76,apartament,przedmiescia,Ul. Testowa 76,katowice,lubelskie,72-0076,polska,53.3984,17.3248,0.8,188,luksusowy,7,4,2006,beton,8,3,tak,tak,garaz,tak,elektryczne,a,niskie,4,Nowoczesne,2024-07-02,2023-03-01,2023-02-01,2024-09-01
n77,apartament,centrum,Ul. Testowa 77,wroclaw,malopolskie,35-0077,polska,53.0665,21.9867,5.2,86,wysoki,4,4,2023,beton,6,0,nie,nie,podjazd,tak,miejskie,a+++,niskie,5,Nowoczesne,2024-07-15,2023-08-01,2023-01-01,2024-03-01
n78,apartament,miasto,Ul. Testowa 78,szczecin,zachodniopomorskie,93-0078,polska,51.5765,21.9963,2.3,45,niski,2,3,1982,cegla,2,1,tak,nie,podjazd,tak,gazowe,c,niskie,2,Do remontu,2024-07-11,2023-02-01,2023-09-01,2024-09-01
n79,dom,centrum,Ul. Testowa 79,katowice,dolnoslaskie,15-0079,polska,52.5018,16.488,9.1,167,wysoki,5,2,2020,zelbet,9,6,tak,nie,garaz,tak,gazowe,a,brak,2,Nowoczesne,2024-07-10,2023-05-01,2023-05-01,2024-03-01
n80,mieszkanie,miasto,Ul. Testowa 80,szczecin,wielkopolskie,63-0080,polska,51.1781,16.2259,6.8,209,wysoki,4,2,1983,beton,10,6,nie,tak,brak,tak,elektryczne,a+,niskie,1,Przyjazne zwierzetom,2024-07-06,2023-09-01,2023-02-01,2024-06-01
n81,mieszkanie,centrum,Ul. Testowa 81,lodz,slaskie,67-0081,polska,51.1337,15.8825,10.8,95,wysoki,7,4,1982,zelbet,8,6,nie,tak,podziemny,nie,gazowe,a+,niskie,3,Nowoczesne,2024-07-20,2023-03-01,2023-08-01,2024-07-01
n82,mieszkanie,przedmiescia,Ul. Testowa 82,bialystok,wielkopolskie,15-0082,polska,52.4133,20.9695,10.0,55,niski,4,1,2019,beton,1,0,nie,nie,podjazd,tak,elektryczne,c,niskie,3,Blisko uczelni,2024-07-20,2023-05-01,2023-02-01,2024-08-01
n83,mieszkanie,przedmiescia,Ul. Testowa 83,bialystok,pomorskie,50-0083,polska,51.3238,18.7411,8.8,100,luksusowy,5,2,2009,cegla,10,0,tak,tak,garaz,tak,gazowe,a,niskie,1,Idealne dla rodziny,2024-07-05,2023-09-01,2023-03-01,2024-02-01
n84,dom,przedmiescia,Ul. Testowa 84,krakow,podlaskie,75-0084,polska,52.8692,20.8731,6.0,113,luksusowy,3,2,2024,beton,8,7,nie,nie,brak,nie,miejskie,a+,niskie,3,Wysoki standard,2024-07-18,2023-01-01,2023-09-01,2024-02-01
n85,apartament,centrum,Ul. Testowa 85,szczecin,mazowieckie,96-0085,polska,52.3199,20.8666,0.9,136,sredni,2,3,1981,zelbet,6,0,nie,nie,podjazd,nie,elektryczne,a++,brak,3,Dla seniora,2024-07-09,2023-06-01,2023-09-01,2024-02-01
n86,dom,miasto,Ul. Testowa 86,lodz,pomorskie,84-0086,polska,51.2006,20.3745,2.5,191,wysoki,5,4,2007,cegla,8,7,tak,nie,brak,nie,elektryczne,b,niskie,5,Dla seniora,2024-07-27,2023-03-01,2023-02-01,2024-04-01
n87,mieszkanie,miasto,Ul. Testowa 87,katowice,zachodniopomorskie,30-0087,polska,52.6909,15.5513,5.7,49,luksusowy,3,1,1996,beton,4,3,nie,nie,podjazd,nie,miejskie,b,niskie,5,Dla singla,2024-07-01,2023-08-01,2023-06-01,2024-08-01
n88,mieszkanie,przedmiescia,Ul. Testowa 88,katowice,wielkopolskie,16-0088,polska,51.014,21.0612,6.3,50,wysoki,4,4,2022,beton,3,1,nie,nie,podziemny,tak,miejskie,a+++,niskie,2,Dla seniora,2024-07-26,2023-04-01,2023-09-01,2024-07-01
n89,dom,miasto,Ul. Testowa 89,warszawa,pomorskie,63-0089,polska,51.0737,17.4723,11.8,49,luksusowy,6,4,1987,zelbet,9,5,tak,nie,podziemny,tak,miejskie,a,niskie,2,Nowoczesne,2024-07-10,2023-07-01,2023-06-01,2024-05-01
n90,apartament,miasto,Ul. Testowa 90,krakow,pomorskie,12-0090,polska,50.403,20.6164,10.3,168,wysoki,3,2,2021,cegla,6,5,nie,nie,garaz,tak,miejskie,a+++,niskie,1,Idealne dla rodziny,2024-07-16,2023-04-01,2023-04-01,2024-04-01
n91,apartament,przedmiescia,Ul. Testowa 91,katowice,lodzkie,93-0091,polska,53.0357,20.358,4.9,228,wysoki,7,4,1988,cegla,9,2,tak,nie,podziemny,tak,gazowe,b,niskie,3,Blisko uczelni,2024-07-18,2023-04-01,2023-03-01,2024-03-01
n92,dom,miasto,Ul. Testowa 92,lodz,wielkopolskie,57-0092,polska,51.0216,19.6732,12.3,45,niski,2,1,2009,zelbet,6,4,nie,nie,garaz,nie,gazowe,a+++,brak,5,Do remontu,2024-07-14,2023-08-01,2023-08-01,2024-09-01
n93,apartament,centrum,Ul. Testowa 93,lodz,podlaskie,96-0093,polska,51.7204,15.6671,9.2,219,wysoki,4,2,1982,cegla,8,6,nie,tak,brak,nie,gazowe,a++,brak,3,Dla singla,2024-07-04,2023-08-01,2023-08-01,2024-01-01
n94,dom,miasto,Ul. Testowa 94,krakow,zachodniopomorskie,31-0094,polska,50.9147,20.5673,4.1,99,luksusowy,2,1,1998,beton,7,1,nie,tak,garaz,nie,miejskie,a,niskie,2,Nowoczesne,2024-07-22,2023-06-01,2023-05-01,2024-02-01
n95,mieszkanie,przedmiescia,Ul. Testowa 95,wroclaw,mazowieckie,68-0095,polska,50.5887,18.0991,14.2,179,sredni,2,3,1997,beton,3,0,tak,tak,podjazd,nie,elektryczne,a+++,niskie,3,Przyjazne zwierzetom,2024-07-21,2023-05-01,2023-05-01,2024-07-01
n96,apartament,centrum,Ul. Testowa 96,szczecin,slaskie,95-0096,polska,52.8145,17.0082,8.0,122,luksusowy,1,1,2004,cegla,6,0,tak,nie,podziemny,tak,elektryczne,a+,brak,1,Przyjazne zwierzetom,2024-07-18,2023-08-01,2023-03-01,2024-08-01
n97,mieszkanie,przedmiescia,Ul. Testowa 97,krakow,lubelskie,77-0097,polska,52.7173,19.0878,13.1,45,niski,4,1,2021,zelbet,7,3,tak,tak,podziemny,nie,miejskie,a+++,niskie,1,Nowoczesne,2024-07-02,2023-01-01,2023-08-01,2024-08-01
n98,dom,przedmiescia,Ul. Testowa 98,gdansk,mazowieckie,20-0098,polska,51.7412,21.3696,14.2,72,wysoki,3,2,2001,zelbet,3,0,tak,nie,podjazd,tak,elektryczne,a+++,brak,4,Do remontu,2024-07-17,2023-05-01,2023-04-01,2024-08-01
n99,mieszkanie,miasto,Ul. Testowa 99,warszawa,zachodniopomorskie,35-0099,polska,51.506,19.6177,7.3,116,sredni,2,4,2003,zelbet,7,3,nie,tak,garaz,nie,elektryczne,a+,niskie,5,Wysoki standard,2024-07-13,2023-09-01,2023-05-01,2024-09-01
n100,dom,przedmiescia,Ul. Testowa 100,poznan,slaskie,50-000,polska,50.5576,21.4852,7.9,240,luksusowy,3,2,1995,beton,10,2,tak,tak,brak,nie,elektryczne,a++,niskie,2,Do remontu,2024-07-02,2023-01-01,2023-09-01,2024-03-01
n101,mieszkanie,centrum,Ul. Testowa 101,gdansk,wielkopolskie,86-001,polska,52.6451,16.3012,0.7,45,niski,4,4,2000,beton,4,0,tak,nie,podjazd,nie,elektryczne,a+,niskie,3,Przyjazne zwierzetom,2024-07-17,2023-07-01,2023-09-01,2024-01-01
n102,apartament,centrum,Ul. Testowa 102,gdansk,wielkopolskie,47-002,polska,53.4635,20.4821,14.5,65,wysoki,5,2,1991,zelbet,1,0,tak,nie,brak,tak,gazowe,b,brak,4,Dla seniora,2024-07-02,2023-08-01,2023-08-01,2024-07-01
n103,mieszkanie,centrum,Ul. Testowa 103,lodz,lodzkie,35-003,polska,53.4649,20.0373,6.0,212,wysoki,4,4,1985,cegla,6,3,tak,nie,garaz,nie,gazowe,a+,brak,1,Idealne dla rodziny,2024-07-17,2023-06-01,2023-06-01,2024-07-01
n104,dom,miasto,Ul. Testowa 104,poznan,pomorskie,37-004,polska,50.6713,19.9186,11.6,153,sredni,3,2,2000,zelbet,5,0,tak,nie,garaz,nie,miejskie,a+++,brak,4,Dla singla,2024-07-20,2023-05-01,2023-04-01,2024-09-01
n105,apartament,miasto,Ul. Testowa 105,lublin,lodzkie,96-005,polska,50.2862,18.0782,10.4,166,sredni,1,1,1987,zelbet,2,0,tak,nie,garaz,nie,gazowe,a+++,brak,5,Dla seniora,2024-07-07,2023-05-01,2023-09-01,2024-06-01
n106,mieszkanie,miasto,Ul. Testowa 106,lodz,lubelskie,52-006,polska,50.8356,19.2775,7.8,200,luksusowy,5,3,1984,beton,8,4,tak,tak,podziemny,nie,gazowe,a,brak,2,Przyjazne zwierzetom,2024-07-25,2023-09-01,2023-09-01,2024-06-01
n107,dom,przedmiescia,Ul. Testowa 107,szczecin,lodzkie,56-007,polska,51.8925,20.0109,5.7,156,sredni,7,2,2014,cegla,4,1,tak,tak,garaz,tak,elektryczne,a+,niskie,5,Do remontu,2024-07-13,2023-08-01,2023-07-01,2024-02-01
n108,apartament,przedmiescia,Ul. Testowa 108,szczecin,podlaskie,72-008,polska,50.8613,20.7731,9.6,188,sredni,4,1,2005,zelbet,9,5,nie,nie,brak,nie,miejskie,b,niskie,5,Luksusowe,2024-07-16,2023-09-01,2023-05-01,2024-07-01
n109,apartament,miasto,Ul. Testowa 109,poznan,lubelskie,14-009,polska,52.8655,21.5507,13.2,169,sredni,4,3,2019,beton,4,2,nie,tak,podjazd,tak,gazowe,a+,brak,4,Dla seniora,2024-07-11,2023-01-01,2023-09-01,2024-09-01
n110,dom,miasto,Ul. Testowa 110,katowice,malopolskie,82-0010,polska,50.2851,19.0347,11.8,45,niski,3,2,1989,beton,3,0,nie,nie,podjazd,tak,miejskie,a+++,brak,2,Luksusowe,2024-07-08,2023-04-01,2023-06-01,2024-03-01
n111,mieszkanie,centrum,Ul. Testowa 111,wroclaw,malopolskie,48-0011,polska,53.1026,16.7601,11.2,158,luksusowy,4,1,2008,beton,6,5,nie,nie,garaz,nie,miejskie,a++,niskie,3,Dla singla,2024-07-24,2023-04-01,2023-07-01,2024-05-01
n112,apartament,centrum,Ul. Testowa 112,warszawa,malopolskie,76-0012,polska,52.3454,17.7089,8.8,128,wysoki,4,3,2000,beton,4,2,nie,tak,podziemny,nie,miejskie,b,brak,2,Do remontu,2024-07-17,2023-06-01,2023-03-01,2024-09-01
n113,mieszkanie,przedmiescia,Ul. Testowa 113,gdansk,mazowieckie,29-0013,polska,51.7114,19.24,8.7,83,luksusowy,6,1,2015,cegla,9,6,tak,nie,podziemny,tak,gazowe,a,brak,1,Idealne dla rodziny,2024-07-01,2023-04-01,2023-07-01,2024-06-01
n114,mieszkanie,przedmiescia,Ul. Testowa 114,szczecin,dolnoslaskie,41-0014,polska,51.3216,21.1329,0.8,45,niski,2,3,2001,cegla,10,4,tak,nie,podjazd,nie,miejskie,a,brak,3,Blisko uczelni,2024-07-13,2023-03-01,2023-01-01,2024-01-01
n115,mieszkanie,przedmiescia,Ul. Testowa 115,wroclaw,slaskie,90-0015,polska,53.4637,17.7397,5.6,58,niski,4,3,2016,zelbet,4,3,tak,tak,podjazd,tak,elektryczne,a+,niskie,5,Przyjazne zwierzetom,2024-07-26,2023-07-01,2023-02-01,2024-06-01
n116,apartament,centrum,Ul. Testowa 116,poznan,slaskie,40-0016,polska,51.9615,17.7836,1.9,151,luksusowy,7,3,2023,zelbet,8,4,nie,tak,podziemny,tak,miejskie,a,niskie,4,Idealne dla rodziny,2024-07-22,2023-03-01,2023-01-01,2024-04-01
n117,apartament,centrum,Ul. Testowa 117,katowice,zachodniopomorskie,53-0017,polska,53.8308,17.8157,5.3,45,niski,7,3,1991,zelbet,8,4,tak,tak,garaz,nie,elektryczne,c,niskie,3,Luksusowe,2024-07-14,2023-06-01,2023-09-01,2024-05-01
n118,mieszkanie,przedmiescia,Ul. Testowa 118,wroclaw,lubelskie,71-0018,polska,50.3098,20.43,7.8,177,luksusowy,7,1,1988,beton,6,3,nie,nie,podziemny,nie,elektryczne,c,brak,1,Ekonomiczne,2024-07-26,2023-06-01,2023-07-01,2024-04-01
n119,dom,miasto,Ul. Testowa 119,krakow,zachodniopomorskie,53-0019,polska,50.009,20.7591,13.1,236,sredni,6,2,2015,beton,8,4,tak,nie,garaz,tak,gazowe,a+++,niskie,2,Ekonomiczne,2024-07-24,2023-04-01,2023-03-01,2024-03-01
n120,mieszkanie,centrum,Ul. Testowa 120,lodz,wielkopolskie,47-0020,polska,52.8021,19.56,5.9,45,niski,4,3,2001,cegla,5,3,nie,tak,garaz,nie,miejskie,a+++,niskie,1,Dla seniora,2024-07-01,2023-06-01,2023-08-01,2024-08-01
n121,dom,przedmiescia,Ul. Testowa 121,lublin,malopolskie,97-0021,polska,50.0572,16.1325,10.2,45,niski,5,1,2015,zelbet,2,0,tak,nie,podziemny,nie,elektryczne,a+++,niskie,2,Przyjazne zwierzetom,2024-07-16,2023-01-01,2023-03-01,2024-04-01
n122,mieszkanie,miasto,Ul. Testowa 122,poznan,dolnoslaskie,16-0022,polska,50.0462,20.0119,1.4,219,wysoki,4,3,2017,cegla,2,1,nie,tak,podjazd,tak,elektryczne,a,niskie,1,Dla seniora,2024-07-19,2023-07-01,2023-03-01,2024-09-01
n123,mieszkanie,miasto,Ul. Testowa 123,katowice,dolnoslaskie,69-0023,polska,51.2742,21.5778,9.3,91,sredni,6,4,1999,cegla,1,0,nie,tak,podziemny,tak,miejskie,a+++,brak,3,Ekonomiczne,2024-07-04,2023-06-01,2023-04-01,2024-08-01
n124,apartament,przedmiescia,Ul. Testowa 124,krakow,slaskie,25-0024,polska,52.2035,20.8255,9.1,219,wysoki,7,3,2021,beton,5,4,tak,nie,garaz,tak,elektryczne,a+,brak,1,Luksusowe,2024-07-22,2023-07-01,2023-09-01,2024-03-01
n125,mieszkanie,przedmiescia,Ul. Testowa 125,krakow,mazowieckie,34-0025,polska,52.1435,17.7285,9.6,190,luksusowy,2,2,2014,beton,10,0,nie,nie,garaz,nie,miejskie,a+,niskie,5,Luksusowe,2024-07-24,2023-04-01,2023-02-01,2024-01-01
n126,apartament,miasto,Ul. Testowa 126,bialystok,podlaskie,92-0026,polska,51.8023,21.8503,1.6,52,sredni,4,1,1993,beton,10,3,tak,nie,podziemny,tak,gazowe,a+,niskie,2,Dla singla,2024-07-26,2023-08-01,2023-04-01,2024-06-01
n127,mieszkanie,centrum,Ul. Testowa 127,szczecin,pomorskie,55-0027,polska,51.3532,18.4431,12.2,37,sredni,7,3,1982,zelbet,5,2,nie,tak,garaz,tak,gazowe,b,brak,2,Wysoki standard,2024-07-20,2023-05-01,2023-03-01,2024-03-01
n128,dom,przedmiescia,Ul. Testowa 128,wroclaw,dolnoslaskie,82-0028,polska,53.0425,17.1478,14.0,164,wysoki,4,2,2000,beton,9,1,tak,nie,podziemny,tak,miejskie,b,brak,2,Blisko uczelni,2024-07-16,2023-03-01,2023-02-01,2024-08-01
n129,dom,przedmiescia,Ul. Testowa 129,wroclaw,malopolskie,16-0029,polska,50.4423,16.957,10.0,62,wysoki,7,2,2003,zelbet,7,1,nie,tak,garaz,nie,miejskie,a++,niskie,1,Luksusowe,2024-07-10,2023-05-01,2023-03-01,2024-04-01
n130,mieszkanie,miasto,Ul. Testowa 130,bialystok,zachodniopomorskie,56-0030,polska,51.3297,16.1169,12.3,111,luksusowy,7,3,2021,beton,10,6,nie,tak,garaz,nie,gazowe,a+,niskie,3,Przyjazne zwierzetom,2024-07-06,2023-06-01,2023-08-01,2024-04-01
n131,apartament,przedmiescia,Ul. Testowa 131,bialystok,dolnoslaskie,56-0031,polska,52.8012,18.4514,3.1,86,wysoki,4,2,2003,beton,3,1,tak,tak,garaz,nie,miejskie,a,brak,2,Ekonomiczne,2024-07-14,2023-02-01,2023-06-01,2024-07-01
n132,mieszkanie,miasto,Ul. Testowa 132,poznan,mazowieckie,87-0032,polska,53.0614,18.0469,4.9,45,niski,6,2,1996,cegla,8,7,nie,nie,podziemny,tak,gazowe,a+,niskie,5,Dla singla,2024-07-20,2023-09-01,2023-08-01,2024-04-01
n133,apartament,przedmiescia,Ul. Testowa 133,katowice,lodzkie,41-0033,polska,51.4655,20.1143,12.1,236,sredni,1,1,2015,cegla,4,1,tak,nie,brak,tak,gazowe,a++,brak,1,Dla singla,2024-07-13,2023-09-01,2023-03-01,2024-03-01
n134,mieszkanie,centrum,Ul. Testowa 134,gdansk,lodzkie,85-0034,polska,50.0433,17.5144,10.6,239,luksusowy,5,2,1989,beton,5,3,tak,tak,podjazd,tak,miejskie,c,niskie,5,Wysoki standard,2024-07-28,2023-01-01,2023-05-01,2024-01-01
n135,mieszkanie,centrum,Ul. Testowa 135,krakow,slaskie,20-0035,polska,53.5823,21.6431,5.0,223,wysoki,4,2,1997,cegla,5,1,nie,tak,podziemny,nie,gazowe,a+,niskie,5,Przyjazne zwierzetom,2024-07-02,2023-04-01,2023-02-01,2024-01-01
n136,apartament,centrum,Ul. Testowa 136,krakow,lodzkie,69-0036,polska,50.6834,21.7607,8.4,184,wysoki,4,2,2014,beton,6,2,tak,tak,brak,nie,miejskie,a+,niskie,1,Dla singla,2024-07-11,2023-03-01,2023-07-01,2024-03-01
n137,dom,przedmiescia,Ul. Testowa 137,lodz,mazowieckie,78-0037,polska,52.1845,16.9815,11.4,105,luksusowy,5,3,1996,beton,8,7,tak,tak,podziemny,tak,miejskie,a+++,niskie,5,Do remontu,2024-07-11,2023-07-01,2023-08-01,2024-03-01
n138,mieszkanie,miasto,Ul. Testowa 138,wroclaw,dolnoslaskie,67-0038,polska,51.8306,16.387,11.6,45,niski,3,3,1992,cegla,9,0,tak,tak,garaz,nie,miejskie,a+,niskie,4,Dla singla,2024-07-22,2023-01-01,2023-02-01,2024-01-01
n139,apartament,przedmiescia,Ul. Testowa 139,poznan,malopolskie,31-0039,polska,52.0311,17.8447,14.8,190,wysoki,7,4,1995,zelbet,10,1,nie,nie,podziemny,tak,gazowe,a,brak,1,Ekonomiczne,2024-07-21,2023-08-01,2023-04-01,2024-02-01
n140,apartament,przedmiescia,Ul. Testowa 140,szczecin,lubelskie,15-0040,polska,52.6959,15.6609,5.0,146,luksusowy,4,1,1989,beton,3,0,tak,nie,brak,tak,miejskie,a++,brak,3,Dla seniora,2024-07-25,2023-04-01,2023-08-01,2024-08-01
n141,apartament,centrum,Ul. Testowa 141,wroclaw,mazowieckie,24-0041,polska,53.6046,17.9059,6.8,35,wysoki,7,4,1980,beton,10,2,nie,nie,podziemny,nie,elektryczne,a+++,brak,4,Przyjazne zwierzetom,2024-07-17,2023-08-01,2023-01-01,2024-01-01
n142,apartament,miasto,Ul. Testowa 142,bialystok,mazowieckie,98-0042,polska,51.7731,18.4926,8.1,116,sredni,7,4,1980,beton,3,1,tak,tak,garaz,tak,miejskie,a+,brak,4,Idealne dla rodziny,2024-07-25,2023-01-01,2023-01-01,2024-01-01
n143,dom,centrum,Ul. Testowa 143,szczecin,lodzkie,17-0043,polska,51.9822,18.1929,11.0,45,niski,2,1,1989,beton,9,8,tak,tak,podjazd,nie,elektryczne,b,niskie,4,Dla singla,2024-07-15,2023-08-01,2023-02-01,2024-09-01
n144,apartament,miasto,Ul. Testowa 144,szczecin,zachodniopomorskie,28-0044,polska,52.0346,18.7283,1.4,142,sredni,1,1,1999,zelbet,8,0,tak,tak,brak,nie,miejskie,a++,brak,2,Idealne dla rodziny,2024-07-17,2023-01-01,2023-08-01,2024-07-01
n145,mieszkanie,przedmiescia,Ul. Testowa 145,wroclaw,lubelskie,83-0045,polska,51.2276,21.9513,12.9,206,luksusowy,5,2,2015,zelbet,2,1,tak,nie,podjazd,nie,gazowe,a+,brak,1,Dla seniora,2024-07-16,2023-02-01,2023-05-01,2024-06-01
n146,mieszkanie,przedmiescia,Ul. Testowa 146,gdansk,malopolskie,67-0046,polska,52.2026,16.6665,13.7,70,wysoki,7,2,2011,cegla,1,0,nie,nie,podjazd,nie,elektryczne,a++,brak,3,Luksusowe,2024-07-08,2023-07-01,2023-08-01,2024-08-01
n147,apartament,centrum,Ul. Testowa 147,krakow,lubelskie,55-0047,polska,51.1036,20.1908,14.3,112,wysoki,7,2,2003,cegla,3,0,nie,tak,podjazd,nie,elektryczne,a+++,niskie,4,Wysoki standard,2024-07-18,2023-05-01,2023-03-01,2024-06-01
n148,dom,miasto,Ul. Testowa 148,krakow,lodzkie,40-0048,polska,50.1036,16.4789,4.9,27,niski,3,1,2013,beton,1,0,tak,tak,garaz,nie,elektryczne,c,niskie,3,Nowoczesne,2024-07-06,2023-07-01,2023-01-01,2024-05-01
n149,dom,centrum,Ul. Testowa 149,bialystok,dolnoslaskie,43-0049,polska,53.8809,15.6079,1.9,134,luksusowy,1,4,2011,beton,10,7,nie,nie,podjazd,nie,elektryczne,a++,brak,3,Dla singla,2024-07-21,2023-01-01,2023-06-01,2024-04-01
n150,mieszkanie,przedmiescia,Ul. Testowa 150,poznan,wielkopolskie,46-0050,polska,50.4456,15.6492,4.1,32,niski,5,4,1991,beton,10,2,nie,nie,podziemny,nie,gazowe,a,brak,2,Przyjazne zwierzetom,2024-07-15,2023-01-01,2023-09-01,2024-09-01
n151,dom,przedmiescia,Ul. Testowa 151,bialystok,pomorskie,29-0051,polska,53.6377,17.6416,11.4,157,luksusowy,6,2,1981,cegla,5,3,nie,nie,brak,nie,miejskie,a+,brak,2,Przyjazne zwierzetom,2024-07-23,2023-08-01,2023-01-01,2024-06-01
n152,mieszkanie,przedmiescia,Ul. Testowa 152,krakow,dolnoslaskie,70-0052,polska,51.0365,15.2915,4.8,35,niski,5,4,2024,cegla,6,5,tak,nie,garaz,tak,gazowe,a+,niskie,2,Luksusowe,2024-07-19,2023-07-01,2023-09-01,2024-02-01
n153,dom,przedmiescia,Ul. Testowa 153,lodz,zachodniopomorskie,23-0053,polska,51.1028,18.0228,0.6,225,wysoki,5,4,1984,cegla,3,1,tak,nie,podjazd,tak,gazowe,a++,brak,3,Dla seniora,2024-07-14,2023-01-01,2023-09-01,2024-06-01
n154,mieszkanie,przedmiescia,Ul. Testowa 154,gdansk,mazowieckie,48-0054,polska,51.2062,21.8152,10.4,214,sredni,4,4,2019,cegla,5,1,nie,nie,brak,nie,gazowe,a,brak,1,Luksusowe,2024-07-08,2023-04-01,2023-08-01,2024-06-01
n155,dom,miasto,Ul. Testowa 155,lodz,mazowieckie,94-0055,polska,53.9102,17.7154,2.2,167,sredni,6,4,2012,cegla,8,7,tak,nie,brak,nie,elektryczne,a,niskie,5,Idealne dla rodziny,2024-07-07,2023-04-01,2023-04-01,2024-06-01
n156,apartament,centrum,Ul. Testowa 156,bialystok,podlaskie,78-0056,polska,52.8344,19.0324,3.9,210,luksusowy,3,1,1991,cegla,2,0,nie,nie,podziemny,nie,elektryczne,b,niskie,4,Blisko uczelni,2024-07-12,2023-02-01,2023-03-01,2024-08-01
n157,mieszkanie,miasto,Ul. Testowa 157,lodz,dolnoslaskie,17-0057,polska,51.874,16.5902,4.1,236,niski,3,2,1993,cegla,4,3,nie,tak,podziemny,tak,elektryczne,a+,niskie,3,Do remontu,2024-07-04,2023-09-01,2023-09-01,2024-07-01
n158,apartament,miasto,Ul. Testowa 158,lodz,lubelskie,76-0058,polska,53.9964,21.944,3.3,129,luksusowy,2,1,2001,zelbet,4,1,tak,nie,podjazd,nie,gazowe,c,niskie,3,Ekonomiczne,2024-07-28,2023-01-01,2023-07-01,2024-03-01
n159,apartament,przedmiescia,Ul. Testowa 159,bialystok,slaskie,29-0059,polska,53.0715,20.7781,11.8,173,sredni,3,2,2001,beton,5,1,nie,tak,garaz,nie,gazowe,a+,niskie,1,Wysoki standard,2024-07-25,2023-06-01,2023-05-01,2024-05-01
n160,dom,przedmiescia,Ul. Testowa 160,warszawa,lodzkie,74-0060,polska,50.1692,18.5737,5.1,198,sredni,4,4,1997,cegla,3,0,tak,nie,garaz,tak,gazowe,a,brak,2,Nowoczesne,2024-07-01,2023-06-01,2023-06-01,2024-01-01
n161,dom,centrum,Ul. Testowa 161,bialystok,zachodniopomorskie,46-0061,polska,50.4196,20.4343,8.4,59,sredni,6,2,2014,beton,5,3,nie,nie,podjazd,tak,miejskie,a+++,niskie,1,Nowoczesne,2024-07-10,2023-01-01,2023-04-01,2024-03-01
n162,mieszkanie,centrum,Ul. Testowa 162,wroclaw,mazowieckie,44-0062,polska,52.7243,21.1447,14.7,92,wysoki,4,4,1992,beton,4,3,nie,tak,brak,nie,gazowe,a+,niskie,2,Ekonomiczne,2024-07-12,2023-09-01,2023-02-01,2024-06-01
n163,apartament,centrum,Ul. Testowa 163,warszawa,malopolskie,22-0063,polska,51.5524,21.0873,3.1,170,luksusowy,1,1,1981,beton,9,2,tak,tak,garaz,tak,gazowe,a++,brak,3,Ekonomiczne,2024-07-15,2023-04-01,2023-08-01,2024-04-01
n164,mieszkanie,przedmiescia,Ul. Testowa 164,bialystok,lubelskie,25-0064,polska,51.3855,15.7845,2.7,97,luksusowy,1,1,2013,beton,6,4,tak,nie,podziemny,tak,miejskie,a,niskie,3,Nowoczesne,2024-07-26,2023-03-01,2023-03-01,2024-09-01
n165,mieszkanie,centrum,Ul. Testowa 165,lublin,pomorskie,11-0065,polska,51.9412,15.4827,7.9,26,sredni,2,3,2005,zelbet,1,0,tak,tak,garaz,tak,miejskie,a,niskie,1,Przyjazne zwierzetom,2024-07-28,2023-05-01,2023-03-01,2024-03-01
n166,dom,przedmiescia,Ul. Testowa 166,bialystok,podlaskie,85-0066,polska,51.3935,18.1909,12.1,207,sredni,5,1,1988,cegla,10,5,tak,nie,podziemny,nie,elektryczne,a+++,brak,5,Blisko uczelni,2024-07-05,2023-02-01,2023-04-01,2024-01-01
n167,dom,przedmiescia,Ul. Testowa 167,wroclaw,pomorskie,54-0067,polska,50.6195,21.2761,14.1,54,wysoki,5,3,2015,cegla,4,3,nie,nie,podziemny,nie,gazowe,a+++,brak,4,Wysoki standard,2024-07-27,2023-03-01,2023-04-01,2024-08-01
n168,dom,przedmiescia,Ul. Testowa 168,katowice,dolnoslaskie,11-0068,polska,53.0997,20.4267,1.4,195,wysoki,7,3,2024,beton,8,4,nie,nie,garaz,tak,elektryczne,a+++,brak,2,Luksusowe,2024-07-11,2023-04-01,2023-05-01,2024-04-01
n169,dom,centrum,Ul. Testowa 169,katowice,dolnoslaskie,57-0069,polska,51.6826,18.8892,3.8,151,luksusowy,5,3,2019,zelbet,4,2,nie,tak,garaz,tak,gazowe,a+++,brak,2,Dla singla,2024-07-12,2023-03-01,2023-04-01,2024-06-01
n170,apartament,miasto,Ul. Testowa 170,lodz,pomorskie,10-0070,polska,50.9394,16.5109,8.1,81,sredni,5,1,1987,cegla,3,2,nie,tak,brak,tak,elektryczne,a++,brak,5,Nowoczesne,2024-07-03,2023-05-01,2023-03-01,2024-06-01
n171,mieszkanie,przedmiescia,Ul. Testowa 171,bialystok,pomorskie,87-0071,polska,51.3088,18.5924,10.7,101,luksusowy,5,1,1998,zelbet,6,3,nie,nie,podjazd,nie,miejskie,c,brak,2,Dla seniora,2024-07-10,2023-09-01,2023-08-01,2024-06-01
n172,apartament,centrum,Ul. Testowa 172,lublin,malopolskie,36-0072,polska,52.1127,16.1088,8.2,125,wysoki,6,4,2022,zelbet,3,1,tak,nie,podziemny,nie,elektryczne,a+++,niskie,5,Wysoki standard,2024-07-22,2023-04-01,2023-06-01,2024-02-01
n173,mieszkanie,przedmiescia,Ul. Testowa 173,gdansk,wielkopolskie,75-0073,polska,51.6962,20.1132,9.5,59,sredni,1,3,2015,beton,7,0,tak,tak,podjazd,nie,elektryczne,a+++,niskie,2,Blisko uczelni,2024-07-20,2023-07-01,2023-02-01,2024-03-01
n174,apartament,centrum,Ul. Testowa 174,katowice,mazowieckie,55-0074,polska,52.8481,17.6876,9.4,102,sredni,5,1,2011,cegla,1,0,tak,tak,garaz,tak,gazowe,a,brak,1,Wysoki standard,2024-07-06,2023-08-01,2023-03-01,2024-02-01
n175,dom,przedmiescia,Ul. Testowa 175,szczecin,wielkopolskie,20-0075,polska,51.7589,17.1295,4.0,86,sredni,5,4,2000,beton,5,3,nie,tak,brak,tak,gazowe,a++,brak,2,Blisko uczelni,2024-07-06,2023-09-01,2023-06-01,2024-01-01
n176,dom,miasto,Ul. Testowa 176,szczecin,wielkopolskie,39-0076,polska,53.4712,20.5,12.6,35,sredni,1,2,1993,beton,6,4,nie,nie,podjazd,tak,miejskie,a,niskie,2,Przyjazne zwierzetom,2024-07-13,2023-07-01,2023-04-01,2024-08-01
n177,apartament,centrum,Ul. Testowa 177,poznan,slaskie,93-0077,polska,53.8662,15.5595,3.6,246,luksusowy,5,2,2024,zelbet,8,7,tak,nie,podziemny,tak,gazowe,b,brak,3,Przyjazne zwierzetom,2024-07-28,2023-05-01,2023-05-01,2024-06-01
n178,dom,centrum,Ul. Testowa 178,krakow,lubelskie,92-0078,polska,52.4172,20.2299,8.0,215,luksusowy,5,1,1987,beton,3,0,nie,nie,brak,nie,gazowe,c,brak,2,Do remontu,2024-07-09,2023-04-01,2023-03-01,2024-03-01
n179,mieszkanie,miasto,Ul. Testowa 179,lodz,podlaskie,44-0079,polska,52.2897,15.813,4.8,37,niski,4,3,2005,cegla,2,0,tak,nie,podjazd,nie,elektryczne,c,brak,4,Ekonomiczne,2024-07-05,2023-06-01,2023-03-01,2024-09-01
n180,mieszkanie,centrum,Ul. Testowa 180,poznan,podlaskie,61-0080,polska,52.7896,21.1366,3.9,176,wysoki,7,2,1994,beton,5,3,tak,tak,podjazd,tak,elektryczne,a++,niskie,4,Nowoczesne,2024-07-17,2023-01-01,2023-02-01,2024-09-01
n181,apartament,przedmiescia,Ul. Testowa 181,wroclaw,zachodniopomorskie,47-0081,polska,53.4519,18.4285,6.2,247,luksusowy,5,1,2011,beton,1,0,tak,nie,podjazd,tak,gazowe,b,niskie,4,Ekonomiczne,2024-07-15,2023-01-01,2023-08-01,2024-03-01
n182,dom,miasto,Ul. Testowa 182,gdansk,lubelskie,74-0082,polska,50.1275,16.6702,0.9,164,wysoki,4,3,2012,cegla,5,4,nie,tak,garaz,tak,miejskie,a,niskie,4,Przyjazne zwierzetom,2024-07-20,2023-09-01,2023-01-01,2024-08-01
n183,mieszkanie,miasto,Ul. Testowa 183,gdansk,dolnoslaskie,96-0083,polska,50.3721,20.6581,4.4,146,niski,5,3,2020,zelbet,9,5,nie,tak,garaz,nie,miejskie,c,niskie,3,Dla singla,2024-07-27,2023-09-01,2023-01-01,2024-02-01
n184,apartament,przedmiescia,Ul. Testowa 184,lodz,mazowieckie,40-0084,polska,52.2382,18.9911,7.4,105,luksusowy,2,3,2020,beton,2,0,nie,tak,podziemny,tak,miejskie,a+,brak,2,Do remontu,2024-07-04,2023-05-01,2023-04-01,2024-04-01
n185,apartament,przedmiescia,Ul. Testowa 185,lublin,wielkopolskie,20-0085,polska,52.0221,16.3463,14.2,199,luksusowy,1,2,2013,zelbet,5,4,tak,tak,podjazd,tak,elektryczne,b,niskie,5,Nowoczesne,2024-07-19,2023-02-01,2023-06-01,2024-05-01
n186,mieszkanie,miasto,Ul. Testowa 186,szczecin,lubelskie,13-0086,polska,50.3511,20.0911,4.2,105,luksusowy,3,3,2015,cegla,1,0,nie,nie,podziemny,tak,elektryczne,a+,niskie,4,Blisko uczelni,2024-07-19,2023-08-01,2023-08-01,2024-01-01
n187,apartament,przedmiescia,Ul. Testowa 187,bialystok,lodzkie,12-0087,polska,53.3999,18.0123,10.8,69,luksusowy,7,2,1999,cegla,2,1,tak,nie,podziemny,tak,miejskie,b,niskie,4,Luksusowe,2024-07-01,2023-06-01,2023-03-01,2024-09-01
n188,dom,miasto,Ul. Testowa 188,gdansk,zachodniopomorskie,52-0088,polska,52.7781,20.0477,3.5,151,wysoki,1,2,2023,zelbet,2,1,nie,nie,brak,tak,elektryczne,b,niskie,3,Przyjazne zwierzetom,2024-07-27,2023-09-01,2023-06-01,2024-01-01
n189,dom,miasto,Ul. Testowa 189,gdansk,dolnoslaskie,65-0089,polska,51.8848,19.3936,0.8,244,luksusowy,6,3,1996,cegla,2,0,tak,nie,garaz,nie,gazowe,b,niskie,2,Ekonomiczne,2024-07-27,2023-02-01,2023-04-01,2024-04-01
n190,mieszkanie,przedmiescia,Ul. Testowa 190,lublin,mazowieckie,47-0090,polska,50.7233,18.5122,14.2,204,luksusowy,4,2,2022,zelbet,10,6,tak,tak,brak,nie,gazowe,a+,niskie,1,Wysoki standard,2024-07-16,2023-06-01,2023-05-01,2024-06-01
n191,dom,przedmiescia,Ul. Testowa 191,lublin,wielkopolskie,55-0091,polska,51.4093,20.6132,13.2,145,wysoki,2,2,2020,beton,3,2,nie,nie,podziemny,tak,elektryczne,a,niskie,5,Nowoczesne,2024-07-08,2023-06-01,2023-06-01,2024-01-01
n192,apartament,centrum,Ul. Testowa 192,szczecin,malopolskie,96-0092,polska,51.2935,20.5146,0.6,137,luksusowy,6,3,1980,cegla,9,0,tak,tak,garaz,tak,miejskie,c,brak,4,Idealne dla rodziny,2024-07-06,2023-06-01,2023-07-01,2024-07-01
n193,mieszkanie,miasto,Ul. Testowa 193,lodz,mazowieckie,61-0093,polska,52.6577,19.3059,6.7,36,luksusowy,4,4,1982,zelbet,7,3,tak,nie,brak,nie,gazowe,a,niskie,2,Do remontu,2024-07-14,2023-06-01,2023-03-01,2024-05-01
n194,dom,przedmiescia,Ul. Testowa 194,katowice,lodzkie,23-0094,polska,50.0574,16.0825,4.5,134,wysoki,5,2,2010,beton,8,2,nie,nie,podjazd,tak,elektryczne,c,niskie,4,Do remontu,2024-07-18,2023-07-01,2023-05-01,2024-01-01
n195,dom,miasto,Ul. Testowa 195,poznan,slaskie,48-0095,polska,50.3919,21.4523,14.8,103,wysoki,3,4,2005,zelbet,7,1,tak,nie,garaz,nie,miejskie,c,brak,4,Nowoczesne,2024-07-24,2023-03-01,2023-07-01,2024-08-01
n196,dom,miasto,Ul. Testowa 196,krakow,slaskie,10-0096,polska,52.4656,17.9985,7.5,87,luksusowy,6,4,1995,zelbet,3,0,tak,tak,podziemny,tak,gazowe,a+,brak,3,Do remontu,2024-07-28,2023-05-01,2023-08-01,2024-03-01
n197,dom,miasto,Ul. Testowa 197,lodz,dolnoslaskie,56-0097,polska,53.1803,17.1552,14.4,166,wysoki,4,2,1983,zelbet,6,1,tak,tak,podjazd,nie,miejskie,a++,brak,4,Dla seniora,2024-07-26,2023-07-01,2023-05-01,2024-05-01
n198,mieszkanie,miasto,Ul. Testowa 198,poznan,wielkopolskie,27-0098,polska,52.4668,21.6839,9.4,151,luksusowy,1,2,2024,beton,3,2,tak,nie,garaz,tak,gazowe,a+++,brak,4,Dla seniora,2024-07-05,2023-06-01,2023-04-01,2024-01-01
n199,apartament,miasto,Ul. Testowa 199,lublin,pomorskie,94-0099,polska,51.7887,17.9803,5.3,250,wysoki,4,2,2019,cegla,9,7,tak,nie,brak,nie,elektryczne,c,brak,4,Nowoczesne,2024-07-24,2023-07-01,2023-01-01,2024-07-01
n200,dom,przedmiescia,Ul. Testowa 200,katowice,wielkopolskie,15-000,polska,51.055,21.119,6.8,237,luksusowy,6,1,2005,beton,1,0,tak,tak,brak,nie,miejskie,a++,brak,4,Dla singla,2024-07-07,2023-01-01,2023-03-01,2024-06-01
